Main Category,Tag,ASIN,Product Link
Baby Products,Diapers,B075GHP2LX,https://www.amazon.in/dp/B075GHP2LX
Baby Products,Diapers,B08X3KG1T9,https://www.amazon.in/dp/B08X3KG1T9
Baby Products,Diapers,B0D9GX6F1W,https://www.amazon.in/dp/B0D9GX6F1W
Baby Products,Diapers,B07DP24NSR,https://www.amazon.in/dp/B07DP24NSR
Baby Products,Diapers,B08X3LXQT7,https://www.amazon.in/dp/B08X3LXQT7
Baby Products,Diapers,B08P78LQSL,https://www.amazon.in/dp/B08P78LQSL
Baby Products,Diapers,B0D9GW7S6Z,https://www.amazon.in/dp/B0D9GW7S6Z
Baby Products,Diapers,B07Y8SD193,https://www.amazon.in/dp/B07Y8SD193
Baby Products,Diapers,B09CKWH7W3,https://www.amazon.in/dp/B09CKWH7W3
Baby Products,Diapers,B096LZ5WL5,https://www.amazon.in/dp/B096LZ5WL5
Baby Products,Diapers,B0D9GS8968,https://www.amazon.in/dp/B0D9GS8968
Baby Products,Diapers,B07Y8T29CS,https://www.amazon.in/dp/B07Y8T29CS
Baby Products,Diapers,B07SKJ1KHJ,https://www.amazon.in/dp/B07SKJ1KHJ
Baby Products,Diapers,B08BX8YZH2,https://www.amazon.in/dp/B08BX8YZH2
Baby Products,Diapers,B0CNK44YP8,https://www.amazon.in/dp/B0CNK44YP8
Baby Products,Diapers,B07Y8S54Q7,https://www.amazon.in/dp/B07Y8S54Q7
Baby Products,Diapers,B09MVVXCPY,https://www.amazon.in/dp/B09MVVXCPY
Baby Products,Diapers,B07M77J2T2,https://www.amazon.in/dp/B07M77J2T2
Baby Products,Diapers,B07R7RG8L7,https://www.amazon.in/dp/B07R7RG8L7
Baby Products,Diapers,B07RB2H4XV,https://www.amazon.in/dp/B07RB2H4XV
Baby Products,Diapers,B0CJMBMT4M,https://www.amazon.in/dp/B0CJMBMT4M
Baby Products,Diapers,B09MVWHJ9J,https://www.amazon.in/dp/B09MVWHJ9J
Baby Products,Diapers,B08J126QF9,https://www.amazon.in/dp/B08J126QF9
Baby Products,Diapers,B07DP27JKB,https://www.amazon.in/dp/B07DP27JKB
Baby Products,Diapers,B07Y8T68PS,https://www.amazon.in/dp/B07Y8T68PS
Baby Products,Diapers,B09ZHTRS6N,https://www.amazon.in/dp/B09ZHTRS6N
Baby Products,Diapers,B07SMR9P39,https://www.amazon.in/dp/B07SMR9P39
Baby Products,Diapers,B0CNK3PRMF,https://www.amazon.in/dp/B0CNK3PRMF
Baby Products,Diapers,B07GQ35C62,https://www.amazon.in/dp/B07GQ35C62
Baby Products,Diapers,B07NDK79GQ,https://www.amazon.in/dp/B07NDK79GQ
Baby Products,Diapers,B09MVW27M6,https://www.amazon.in/dp/B09MVW27M6
Baby Products,Diapers,B081QTNF7V,https://www.amazon.in/dp/B081QTNF7V
Baby Products,Diapers,B0CJLWWNK3,https://www.amazon.in/dp/B0CJLWWNK3
Baby Products,Diapers,B07M8HBFLK,https://www.amazon.in/dp/B07M8HBFLK
Baby Products,Diapers,B07DP27MF4,https://www.amazon.in/dp/B07DP27MF4
Baby Products,Diapers,B07LHDC1ZX,https://www.amazon.in/dp/B07LHDC1ZX
Baby Products,Diapers,B09MVWPC23,https://www.amazon.in/dp/B09MVWPC23
Baby Products,Diapers,B09ZHTQPSB,https://www.amazon.in/dp/B09ZHTQPSB
Baby Products,Diapers,B0781Z3BW6,https://www.amazon.in/dp/B0781Z3BW6
Baby Products,Diapers,B09M6YW5ZQ,https://www.amazon.in/dp/B09M6YW5ZQ
Baby Products,Diapers,B077HV19LS,https://www.amazon.in/dp/B077HV19LS
Baby Products,Diapers,B07NDCMJMY,https://www.amazon.in/dp/B07NDCMJMY
Baby Products,Diapers,B00AWMBLZ4,https://www.amazon.in/dp/B00AWMBLZ4
Baby Products,Diapers,B0B4RZPW3X,https://www.amazon.in/dp/B0B4RZPW3X
Baby Products,Diapers,B07CXFJT8Q,https://www.amazon.in/dp/B07CXFJT8Q
Baby Products,Diapers,B08J122VYC,https://www.amazon.in/dp/B08J122VYC
Baby Products,Diapers,B07Y8SDYRB,https://www.amazon.in/dp/B07Y8SDYRB
Baby Products,Diapers,B07Q2F37JN,https://www.amazon.in/dp/B07Q2F37JN
Baby Products,Diapers,B09ZHVFG3V,https://www.amazon.in/dp/B09ZHVFG3V
Baby Products,Diapers,B07Q2BRTV7,https://www.amazon.in/dp/B07Q2BRTV7
Baby Products,Diapers,B07NK75W7W,https://www.amazon.in/dp/B07NK75W7W
Baby Products,Diapers,B08R7M4SNY,https://www.amazon.in/dp/B08R7M4SNY
Baby Products,Diapers,B08R7MCXX7,https://www.amazon.in/dp/B08R7MCXX7
Baby Products,Diapers,B09MVWNLCF,https://www.amazon.in/dp/B09MVWNLCF
Baby Products,Diapers,B09MTP9NKS,https://www.amazon.in/dp/B09MTP9NKS
Baby Products,Diapers,B0CPFFM4QD,https://www.amazon.in/dp/B0CPFFM4QD
Baby Products,Diapers,B08P78PB4F,https://www.amazon.in/dp/B08P78PB4F
Baby Products,Diapers,B077HRCSXR,https://www.amazon.in/dp/B077HRCSXR
Baby Products,Diapers,B07Y8RF8KJ,https://www.amazon.in/dp/B07Y8RF8KJ
Baby Products,Diapers,B07SLLXZHP,https://www.amazon.in/dp/B07SLLXZHP
Baby Products,Diapers,B07MBYCL5Z,https://www.amazon.in/dp/B07MBYCL5Z
Baby Products,Baby Wipes,B004X7545M,https://www.amazon.in/dp/B004X7545M
Baby Products,Baby Wipes,B088V19YR4,https://www.amazon.in/dp/B088V19YR4
Baby Products,Baby Wipes,B088TZJVGH,https://www.amazon.in/dp/B088TZJVGH
Baby Products,Baby Wipes,B07JPGWH5R,https://www.amazon.in/dp/B07JPGWH5R
Baby Products,Baby Wipes,B0C4YRPJBH,https://www.amazon.in/dp/B0C4YRPJBH
Baby Products,Baby Wipes,B0CVRK27P3,https://www.amazon.in/dp/B0CVRK27P3
Baby Products,Baby Wipes,B088TZC4B6,https://www.amazon.in/dp/B088TZC4B6
Baby Products,Baby Wipes,B07X34F9MF,https://www.amazon.in/dp/B07X34F9MF
Baby Products,Baby Wipes,B09GP8BLSM,https://www.amazon.in/dp/B09GP8BLSM
Baby Products,Baby Wipes,B07RH2HRT4,https://www.amazon.in/dp/B07RH2HRT4
Baby Products,Baby Wipes,B0DFPWLRD3,https://www.amazon.in/dp/B0DFPWLRD3
Baby Products,Baby Wipes,B0817S14MZ,https://www.amazon.in/dp/B0817S14MZ
Baby Products,Baby Wipes,B09NRPJJ1R,https://www.amazon.in/dp/B09NRPJJ1R
Baby Products,Baby Wipes,B082TF2Z6J,https://www.amazon.in/dp/B082TF2Z6J
Baby Products,Baby Wipes,B00DRE0LQY,https://www.amazon.in/dp/B00DRE0LQY
Baby Products,Baby Wipes,B017VOMJ6A,https://www.amazon.in/dp/B017VOMJ6A
Baby Products,Baby Wipes,B0817S1CLY,https://www.amazon.in/dp/B0817S1CLY
Baby Products,Baby Wipes,B0742BRWS2,https://www.amazon.in/dp/B0742BRWS2
Baby Products,Baby Wipes,B088TZC4B7,https://www.amazon.in/dp/B088TZC4B7
Baby Products,Baby Wipes,B0D9P5RPLS,https://www.amazon.in/dp/B0D9P5RPLS
Baby Products,Baby Wipes,B0DG8DN72W,https://www.amazon.in/dp/B0DG8DN72W
Baby Products,Baby Wipes,B0D2DM8MDG,https://www.amazon.in/dp/B0D2DM8MDG
Baby Products,Baby Wipes,B0CVH499QR,https://www.amazon.in/dp/B0CVH499QR
Baby Products,Baby Wipes,B0817QL63X,https://www.amazon.in/dp/B0817QL63X
Baby Products,Baby Wipes,B08LWQJ2TX,https://www.amazon.in/dp/B08LWQJ2TX
Baby Products,Baby Wipes,B0892JZ8ZR,https://www.amazon.in/dp/B0892JZ8ZR
Baby Products,Baby Wipes,B00INOM4X6,https://www.amazon.in/dp/B00INOM4X6
Baby Products,Baby Wipes,B07QSLRRWS,https://www.amazon.in/dp/B07QSLRRWS
Baby Products,Baby Wipes,B0BDFFTMWS,https://www.amazon.in/dp/B0BDFFTMWS
Baby Products,Baby Wipes,B08HQ5M96Q,https://www.amazon.in/dp/B08HQ5M96Q
Baby Products,Baby Wipes,B0D2DLBYFZ,https://www.amazon.in/dp/B0D2DLBYFZ
Baby Products,Baby Wipes,B0CSDND9GK,https://www.amazon.in/dp/B0CSDND9GK
Baby Products,Baby Wipes,B0CPSKBNKZ,https://www.amazon.in/dp/B0CPSKBNKZ
Baby Products,Baby Wipes,B07M83ZX7L,https://www.amazon.in/dp/B07M83ZX7L
Baby Products,Baby Wipes,B07H4RL1XW,https://www.amazon.in/dp/B07H4RL1XW
Baby Products,Baby Wipes,B085SBL6CW,https://www.amazon.in/dp/B085SBL6CW
Baby Products,Baby Wipes,B084DC96YJ,https://www.amazon.in/dp/B084DC96YJ
Baby Products,Baby Wipes,B07QN6MGF7,https://www.amazon.in/dp/B07QN6MGF7
Baby Products,Baby Wipes,B09J41F7JL,https://www.amazon.in/dp/B09J41F7JL
Baby Products,Baby Wipes,B0992JG7ST,https://www.amazon.in/dp/B0992JG7ST
Baby Products,Baby Wipes,B0B1D2DFPT,https://www.amazon.in/dp/B0B1D2DFPT
Baby Products,Baby Wipes,B0D9P3YJSG,https://www.amazon.in/dp/B0D9P3YJSG
Baby Products,Baby Wipes,B0B744PYSY,https://www.amazon.in/dp/B0B744PYSY
Baby Products,Baby Wipes,B07H9THRP6,https://www.amazon.in/dp/B07H9THRP6
Baby Products,Baby Wipes,B09GP9N5RX,https://www.amazon.in/dp/B09GP9N5RX
Baby Products,Baby Wipes,B0742D2QTB,https://www.amazon.in/dp/B0742D2QTB
Baby Products,Baby Wipes,B09MK6T54M,https://www.amazon.in/dp/B09MK6T54M
Baby Products,Baby Wipes,B09FXJPYVM,https://www.amazon.in/dp/B09FXJPYVM
Baby Products,Baby Wipes,B088V1X3H6,https://www.amazon.in/dp/B088V1X3H6
Baby Products,Baby Wipes,B0B749PPWT,https://www.amazon.in/dp/B0B749PPWT
Baby Products,Baby Wipes,B0CM3B5VX8,https://www.amazon.in/dp/B0CM3B5VX8
Baby Products,Baby Wipes,B0BMXHL6X4,https://www.amazon.in/dp/B0BMXHL6X4
Baby Products,Baby Wipes,B096P9DTFC,https://www.amazon.in/dp/B096P9DTFC
Baby Products,Baby Wipes,B0CS3QBX7K,https://www.amazon.in/dp/B0CS3QBX7K
Baby Products,Baby Wipes,B0DGTRFH9B,https://www.amazon.in/dp/B0DGTRFH9B
Baby Products,Baby Wipes,B0DFH93LP9,https://www.amazon.in/dp/B0DFH93LP9
